simulation_id,ID,timestamp,timestamp_s,action,node_id,hole,ttl_amt,type,order_id,runner_id,cart_id,group_id,latitude,longitude,status,details
runners_2_run_03,runner_1,07:00,0,service_idle,,,,delivery_runner,,runner_1,,,,,,runner_1 waiting 180 minutes until opening
runners_2_run_03,runner_2,07:00,0,service_idle,,,,delivery_runner,,runner_2,,,,,,runner_2 waiting 180 minutes until opening
runners_2_run_03,golf_group_1,07:45:00,2700,tee_off,,1,,golfer_group,,,,1,,,,
runners_2_run_03,golf_group_2,07:53:00,3180,tee_off,,1,,golfer_group,,,,2,,,,
runners_2_run_03,golf_group_3,08:01:00,3660,tee_off,,1,,golfer_group,,,,3,,,,
runners_2_run_03,golf_group_4,08:09:00,4140,tee_off,,1,,golfer_group,,,,4,,,,
runners_2_run_03,golf_group_5,08:17:00,4620,tee_off,,1,,golfer_group,,,,5,,,,
runners_2_run_03,golf_group_6,08:25:00,5100,tee_off,,1,,golfer_group,,,,6,,,,
runners_2_run_03,golf_group_7,08:33:00,5580,tee_off,,1,,golfer_group,,,,7,,,,
runners_2_run_03,golf_group_8,08:41:00,6060,tee_off,,1,,golfer_group,,,,8,,,,
runners_2_run_03,golf_group_9,08:49:00,6540,tee_off,,1,,golfer_group,,,,9,,,,
runners_2_run_03,golf_group_10,08:57:00,7020,tee_off,,1,,golfer_group,,,,10,,,,
runners_2_run_03,golf_group_11,09:05:00,7500,tee_off,,1,,golfer_group,,,,11,,,,
runners_2_run_03,golf_group_12,09:13:00,7980,tee_off,,1,,golfer_group,,,,12,,,,
runners_2_run_03,golf_group_13,09:21:00,8460,tee_off,,1,,golfer_group,,,,13,,,,
runners_2_run_03,golf_group_14,09:30:00,9000,tee_off,,1,,golfer_group,,,,14,,,,
runners_2_run_03,golf_group_15,09:39:00,9540,tee_off,,1,,golfer_group,,,,15,,,,
runners_2_run_03,golf_group_16,09:48:00,10080,tee_off,,1,,golfer_group,,,,16,,,,
runners_2_run_03,runner_1,10:00,10800,service_opened,,,,delivery_runner,,runner_1,,,,,,runner_1 started shift
runners_2_run_03,runner_2,10:00,10800,service_opened,,,,delivery_runner,,runner_2,,,,,,runner_2 started shift
runners_2_run_03,order_001,10:04:58,11098,order_placed,,7,,order,001,,,8,,,processed,
runners_2_run_03,runner_1,10:05,11100,order_assigned,,,,delivery_runner,001,runner_1,,,,,,Assigned Order 001 to runner_1
runners_2_run_03,runner_1,10:05,11100,prep_start,,,,delivery_runner,001,runner_1,,,,,,runner_1 started prep for Order 001 (Hole 7)
runners_2_run_03,order_002,10:05:05,11105,order_placed,,4,,order,002,,,13,,,processed,
runners_2_run_03,runner_2,10:05,11105,order_assigned,,,,delivery_runner,002,runner_2,,,,,,Assigned Order 002 to runner_2
runners_2_run_03,runner_2,10:05,11105,prep_start,,,,delivery_runner,002,runner_2,,,,,,runner_2 started prep for Order 002 (Hole 4)
runners_2_run_03,golf_group_17,10:06:00,11160,tee_off,,1,,golfer_group,,,,17,,,,
runners_2_run_03,order_003,10:10:29,11429,order_placed,,4,,order,003,,,11,,,processed,
runners_2_run_03,golf_group_18,10:15:00,11700,tee_off,,1,,golfer_group,,,,18,,,,
runners_2_run_03,runner_1,10:15,11700,prep_complete,,,,delivery_runner,001,runner_1,,,,,,runner_1 completed prep for Order 001
runners_2_run_03,runner_1,10:15,11700,delivery_start,,,,delivery_runner,001,runner_1,,,,,,"runner_1 departing to Hole 7 (1671m, 2.3 min)"
runners_2_run_03,runner_2,10:15,11705,prep_complete,,,,delivery_runner,002,runner_2,,,,,,runner_2 completed prep for Order 002
runners_2_run_03,runner_2,10:15,11705,delivery_start,,,,delivery_runner,002,runner_2,,,,,,"runner_2 departing to Hole 5 (3187m, 4.4 min)"
runners_2_run_03,runner_1,10:17,11839,delivery_complete,,,,delivery_runner,001,runner_1,,,,,,runner_1 delivered Order 001 to Hole 7 (Total completion: 12.4 min)
runners_2_run_03,runner_1,10:17,11839,returning,,,,delivery_runner,001,runner_1,,,,,,runner_1 returning to clubhouse from hole_7 (5.2 min)
runners_2_run_03,runner_2,10:19,11970,delivery_complete,,,,delivery_runner,002,runner_2,,,,,,runner_2 delivered Order 002 to Hole 5 (Total completion: 14.4 min)
runners_2_run_03,runner_2,10:19,11970,returning,,,,delivery_runner,002,runner_2,,,,,,runner_2 returning to clubhouse from hole_5 (9.9 min)
runners_2_run_03,runner_1,10:22,12151,arrived_clubhouse,,,,delivery_runner,001,runner_1,,,,,,runner_1 arrived at clubhouse after delivering Order 001
runners_2_run_03,runner_1,10:22,12155,order_assigned,,,,delivery_runner,003,runner_1,,,,,,Assigned Order 003 to runner_1
runners_2_run_03,runner_1,10:22,12155,prep_start,,,,delivery_runner,003,runner_1,,,,,,runner_1 started prep for Order 003 (Hole 4)
runners_2_run_03,golf_group_19,10:24:00,12240,tee_off,,1,,golfer_group,,,,19,,,,
runners_2_run_03,runner_2,10:29,12565,arrived_clubhouse,,,,delivery_runner,002,runner_2,,,,,,runner_2 arrived at clubhouse after delivering Order 002
runners_2_run_03,runner_1,10:32,12755,prep_complete,,,,delivery_runner,003,runner_1,,,,,,runner_1 completed prep for Order 003
runners_2_run_03,runner_1,10:32,12755,delivery_start,,,,delivery_runner,003,runner_1,,,,,,"runner_1 departing to Hole 7 (2078m, 2.9 min)"
runners_2_run_03,golf_group_20,10:33:00,12780,tee_off,,1,,golfer_group,,,,20,,,,
runners_2_run_03,runner_1,10:35,12928,delivery_complete,,,,delivery_runner,003,runner_1,,,,,,runner_1 delivered Order 003 to Hole 7 (Total completion: 25.0 min)
runners_2_run_03,runner_1,10:35,12928,returning,,,,delivery_runner,003,runner_1,,,,,,runner_1 returning to clubhouse from hole_7 (6.5 min)
runners_2_run_03,runner_1,10:41,13315,arrived_clubhouse,,,,delivery_runner,003,runner_1,,,,,,runner_1 arrived at clubhouse after delivering Order 003
runners_2_run_03,golf_group_21,10:42:00,13320,tee_off,,1,,golfer_group,,,,21,,,,
runners_2_run_03,order_004,10:47:46,13666,order_placed,,6,,order,004,,,14,,,processed,
runners_2_run_03,runner_1,10:47,13670,order_assigned,,,,delivery_runner,004,runner_1,,,,,,Assigned Order 004 to runner_1
runners_2_run_03,runner_1,10:47,13670,prep_start,,,,delivery_runner,004,runner_1,,,,,,runner_1 started prep for Order 004 (Hole 6)
runners_2_run_03,golf_group_22,10:51:00,13860,tee_off,,1,,golfer_group,,,,22,,,,
runners_2_run_03,order_005,10:53:57,14037,order_placed,,4,,order,005,,,16,,,processed,
runners_2_run_03,runner_2,10:54,14040,order_assigned,,,,delivery_runner,005,runner_2,,,,,,Assigned Order 005 to runner_2
runners_2_run_03,runner_2,10:54,14040,prep_start,,,,delivery_runner,005,runner_2,,,,,,runner_2 started prep for Order 005 (Hole 4)
runners_2_run_03,runner_1,10:57,14270,prep_complete,,,,delivery_runner,004,runner_1,,,,,,runner_1 completed prep for Order 004
runners_2_run_03,runner_1,10:57,14270,delivery_start,,,,delivery_runner,004,runner_1,,,,,,"runner_1 departing to Hole 7 (2078m, 2.9 min)"
runners_2_run_03,golf_group_23,11:00:00,14400,tee_off,,1,,golfer_group,,,,23,,,,
runners_2_run_03,runner_1,11:00,14443,delivery_complete,,,,delivery_runner,004,runner_1,,,,,,runner_1 delivered Order 004 to Hole 7 (Total completion: 13.0 min)
runners_2_run_03,runner_1,11:00,14443,returning,,,,delivery_runner,004,runner_1,,,,,,runner_1 returning to clubhouse from hole_7 (6.5 min)
runners_2_run_03,runner_2,11:04,14640,prep_complete,,,,delivery_runner,005,runner_2,,,,,,runner_2 completed prep for Order 005
runners_2_run_03,runner_2,11:04,14640,delivery_start,,,,delivery_runner,005,runner_2,,,,,,"runner_2 departing to Hole 6 (2790m, 3.9 min)"
runners_2_run_03,order_006,11:04:42,14682,order_placed,,12,,order,006,,,6,,,processed,
runners_2_run_03,order_007,11:05:49,14749,order_placed,,9,,order,007,,,12,,,processed,
runners_2_run_03,runner_1,11:07,14830,arrived_clubhouse,,,,delivery_runner,004,runner_1,,,,,,runner_1 arrived at clubhouse after delivering Order 004
runners_2_run_03,runner_1,11:07,14835,order_assigned,,,,delivery_runner,006,runner_1,,,,,,Assigned Order 006 to runner_1
runners_2_run_03,runner_1,11:07,14835,prep_start,,,,delivery_runner,006,runner_1,,,,,,runner_1 started prep for Order 006 (Hole 12)
runners_2_run_03,runner_2,11:07,14872,delivery_complete,,,,delivery_runner,005,runner_2,,,,,,runner_2 delivered Order 005 to Hole 6 (Total completion: 13.9 min)
runners_2_run_03,runner_2,11:07,14872,returning,,,,delivery_runner,005,runner_2,,,,,,runner_2 returning to clubhouse from hole_6 (8.7 min)
runners_2_run_03,golf_group_24,11:09:00,14940,tee_off,,1,,golfer_group,,,,24,,,,
runners_2_run_03,order_008,11:15:22,15322,order_placed,,13,,order,008,,,6,,,processed,
runners_2_run_03,runner_2,11:16,15393,arrived_clubhouse,,,,delivery_runner,005,runner_2,,,,,,runner_2 arrived at clubhouse after delivering Order 005
runners_2_run_03,runner_2,11:16,15395,order_assigned,,,,delivery_runner,007,runner_2,,,,,,Assigned Order 007 to runner_2
runners_2_run_03,runner_2,11:16,15395,prep_start,,,,delivery_runner,007,runner_2,,,,,,runner_2 started prep for Order 007 (Hole 9)
runners_2_run_03,runner_1,11:17,15435,prep_complete,,,,delivery_runner,006,runner_1,,,,,,runner_1 completed prep for Order 006
runners_2_run_03,runner_1,11:17,15435,delivery_start,,,,delivery_runner,006,runner_1,,,,,,"runner_1 departing to Hole 13 (2257m, 3.1 min)"
runners_2_run_03,order_009,11:17:29,15449,order_placed,,15,,order,009,,,4,,,processed,
runners_2_run_03,golf_group_25,11:18:00,15480,tee_off,,1,,golfer_group,,,,25,,,,
runners_2_run_03,runner_1,11:20,15623,delivery_complete,,,,delivery_runner,006,runner_1,,,,,,runner_1 delivered Order 006 to Hole 13 (Total completion: 15.7 min)
runners_2_run_03,runner_1,11:20,15623,returning,,,,delivery_runner,006,runner_1,,,,,,runner_1 returning to clubhouse from hole_13 (7.0 min)
runners_2_run_03,order_010,11:21:33,15693,order_placed,,5,,order,010,,,19,,,processed,
runners_2_run_03,runner_2,11:26,15995,prep_complete,,,,delivery_runner,007,runner_2,,,,,,runner_2 completed prep for Order 007
runners_2_run_03,runner_2,11:26,15995,delivery_start,,,,delivery_runner,007,runner_2,,,,,,"runner_2 departing to Hole 10 (1165m, 1.6 min)"
runners_2_run_03,golf_group_26,11:27:00,16020,tee_off,,1,,golfer_group,,,,26,,,,
runners_2_run_03,runner_1,11:27,16044,arrived_clubhouse,,,,delivery_runner,006,runner_1,,,,,,runner_1 arrived at clubhouse after delivering Order 006
runners_2_run_03,runner_1,11:27,16045,order_assigned,,,,delivery_runner,008,runner_1,,,,,,Assigned Order 008 to runner_1
runners_2_run_03,runner_1,11:27,16045,prep_start,,,,delivery_runner,008,runner_1,,,,,,runner_1 started prep for Order 008 (Hole 13)
runners_2_run_03,runner_2,11:28,16092,delivery_complete,,,,delivery_runner,007,runner_2,,,,,,runner_2 delivered Order 007 to Hole 10 (Total completion: 22.4 min)
runners_2_run_03,runner_2,11:28,16092,returning,,,,delivery_runner,007,runner_2,,,,,,runner_2 returning to clubhouse from hole_10 (3.6 min)
runners_2_run_03,runner_2,11:31,16309,arrived_clubhouse,,,,delivery_runner,007,runner_2,,,,,,runner_2 arrived at clubhouse after delivering Order 007
runners_2_run_03,runner_2,11:31,16310,order_assigned,,,,delivery_runner,009,runner_2,,,,,,Assigned Order 009 to runner_2
runners_2_run_03,runner_2,11:31,16310,prep_start,,,,delivery_runner,009,runner_2,,,,,,runner_2 started prep for Order 009 (Hole 15)
runners_2_run_03,golf_group_27,11:36:00,16560,tee_off,,1,,golfer_group,,,,27,,,,
runners_2_run_03,order_011,11:36:38,16598,order_placed,,9,,order,011,,,16,,,processed,
runners_2_run_03,runner_1,11:37,16645,prep_complete,,,,delivery_runner,008,runner_1,,,,,,runner_1 completed prep for Order 008
runners_2_run_03,runner_1,11:37,16645,delivery_start,,,,delivery_runner,008,runner_1,,,,,,"runner_1 departing to Hole 15 (1068m, 1.5 min)"
runners_2_run_03,runner_1,11:38,16733,delivery_complete,,,,delivery_runner,008,runner_1,,,,,,runner_1 delivered Order 008 to Hole 15 (Total completion: 23.5 min)
runners_2_run_03,runner_1,11:38,16733,returning,,,,delivery_runner,008,runner_1,,,,,,runner_1 returning to clubhouse from hole_15 (3.3 min)
runners_2_run_03,runner_2,11:41,16910,prep_complete,,,,delivery_runner,009,runner_2,,,,,,runner_2 completed prep for Order 009
runners_2_run_03,runner_2,11:41,16910,delivery_start,,,,delivery_runner,009,runner_2,,,,,,"runner_2 departing to Hole 17 (1345m, 1.9 min)"
runners_2_run_03,runner_1,11:42,16933,arrived_clubhouse,,,,delivery_runner,008,runner_1,,,,,,runner_1 arrived at clubhouse after delivering Order 008
runners_2_run_03,runner_1,11:42,16935,order_assigned,,,,delivery_runner,010,runner_1,,,,,,Assigned Order 010 to runner_1
runners_2_run_03,runner_1,11:42,16935,prep_start,,,,delivery_runner,010,runner_1,,,,,,runner_1 started prep for Order 010 (Hole 5)
runners_2_run_03,runner_2,11:43,17022,delivery_complete,,,,delivery_runner,009,runner_2,,,,,,runner_2 delivered Order 009 to Hole 17 (Total completion: 26.2 min)
runners_2_run_03,runner_2,11:43,17022,returning,,,,delivery_runner,009,runner_2,,,,,,runner_2 returning to clubhouse from hole_17 (4.2 min)
runners_2_run_03,golf_group_28,11:45:00,17100,tee_off,,1,,golfer_group,,,,28,,,,
runners_2_run_03,order_012,11:46:22,17182,order_placed,,7,,order,012,,,19,,,processed,
runners_2_run_03,runner_2,11:47,17273,arrived_clubhouse,,,,delivery_runner,009,runner_2,,,,,,runner_2 arrived at clubhouse after delivering Order 009
runners_2_run_03,runner_2,11:47,17275,order_assigned,,,,delivery_runner,011,runner_2,,,,,,Assigned Order 011 to runner_2
runners_2_run_03,runner_2,11:47,17275,prep_start,,,,delivery_runner,011,runner_2,,,,,,runner_2 started prep for Order 011 (Hole 9)
runners_2_run_03,order_013,11:48:33,17313,order_placed,,18,,order,013,,,3,,,processed,
runners_2_run_03,runner_1,11:52,17535,prep_complete,,,,delivery_runner,010,runner_1,,,,,,runner_1 completed prep for Order 010
runners_2_run_03,runner_1,11:52,17535,delivery_start,,,,delivery_runner,010,runner_1,,,,,,"runner_1 departing to Hole 7 (2010m, 2.8 min)"
runners_2_run_03,golf_group_29,11:54:00,17640,tee_off,,1,,golfer_group,,,,29,,,,
runners_2_run_03,runner_1,11:55,17702,delivery_complete,,,,delivery_runner,010,runner_1,,,,,,runner_1 delivered Order 010 to Hole 7 (Total completion: 33.5 min)
runners_2_run_03,runner_1,11:55,17702,returning,,,,delivery_runner,010,runner_1,,,,,,runner_1 returning to clubhouse from hole_7 (6.2 min)
runners_2_run_03,runner_2,11:57,17875,prep_complete,,,,delivery_runner,011,runner_2,,,,,,runner_2 completed prep for Order 011
runners_2_run_03,runner_2,11:57,17875,delivery_start,,,,delivery_runner,011,runner_2,,,,,,"runner_2 departing to Hole 10 (893m, 1.2 min)"
runners_2_run_03,runner_2,11:59,17949,delivery_complete,,,,delivery_runner,011,runner_2,,,,,,runner_2 delivered Order 011 to Hole 10 (Total completion: 22.5 min)
runners_2_run_03,runner_2,11:59,17949,returning,,,,delivery_runner,011,runner_2,,,,,,runner_2 returning to clubhouse from hole_10 (2.8 min)
runners_2_run_03,runner_1,12:01,18077,arrived_clubhouse,,,,delivery_runner,010,runner_1,,,,,,runner_1 arrived at clubhouse after delivering Order 010
runners_2_run_03,runner_1,12:01,18080,order_assigned,,,,delivery_runner,012,runner_1,,,,,,Assigned Order 012 to runner_1
runners_2_run_03,runner_1,12:01,18080,prep_start,,,,delivery_runner,012,runner_1,,,,,,runner_1 started prep for Order 012 (Hole 7)
runners_2_run_03,runner_2,12:01,18116,arrived_clubhouse,,,,delivery_runner,011,runner_2,,,,,,runner_2 arrived at clubhouse after delivering Order 011
runners_2_run_03,runner_2,12:02,18120,order_assigned,,,,delivery_runner,013,runner_2,,,,,,Assigned Order 013 to runner_2
runners_2_run_03,runner_2,12:02,18120,prep_start,,,,delivery_runner,013,runner_2,,,,,,runner_2 started prep for Order 013 (Hole 18)
runners_2_run_03,golf_group_30,12:03:00,18180,tee_off,,1,,golfer_group,,,,30,,,,
runners_2_run_03,runner_1,12:11,18680,prep_complete,,,,delivery_runner,012,runner_1,,,,,,runner_1 completed prep for Order 012
runners_2_run_03,runner_1,12:11,18680,delivery_start,,,,delivery_runner,012,runner_1,,,,,,"runner_1 departing to Hole 9 (959m, 1.3 min)"
runners_2_run_03,golf_group_31,12:12:00,18720,tee_off,,1,,golfer_group,,,,31,,,,
runners_2_run_03,runner_2,12:12,18720,prep_complete,,,,delivery_runner,013,runner_2,,,,,,runner_2 completed prep for Order 013
runners_2_run_03,runner_2,12:12,18720,delivery_start,,,,delivery_runner,013,runner_2,,,,,,"runner_2 departing to Hole 18 (680m, 0.9 min)"
runners_2_run_03,runner_1,12:12,18759,delivery_complete,,,,delivery_runner,012,runner_1,,,,,,runner_1 delivered Order 012 to Hole 9 (Total completion: 26.3 min)
runners_2_run_03,runner_1,12:12,18759,returning,,,,delivery_runner,012,runner_1,,,,,,runner_1 returning to clubhouse from hole_9 (3.0 min)
runners_2_run_03,runner_2,12:12,18776,delivery_complete,,,,delivery_runner,013,runner_2,,,,,,runner_2 delivered Order 013 to Hole 18 (Total completion: 24.4 min)
runners_2_run_03,runner_1,12:15,18938,arrived_clubhouse,,,,delivery_runner,012,runner_1,,,,,,runner_1 arrived at clubhouse after delivering Order 012
runners_2_run_03,golf_group_32,12:21:00,19260,tee_off,,1,,golfer_group,,,,32,,,,
runners_2_run_03,order_014,12:27:29,19649,order_placed,,8,,order,014,,,21,,,processed,
runners_2_run_03,runner_1,12:27,19650,order_assigned,,,,delivery_runner,014,runner_1,,,,,,Assigned Order 014 to runner_1
runners_2_run_03,runner_1,12:27,19650,prep_start,,,,delivery_runner,014,runner_1,,,,,,runner_1 started prep for Order 014 (Hole 8)
runners_2_run_03,order_015,12:29:36,19776,order_placed,,12,,order,015,,,16,,,processed,
runners_2_run_03,runner_2,12:29,19780,order_assigned,,,,delivery_runner,015,runner_2,,,,,,Assigned Order 015 to runner_2
runners_2_run_03,runner_2,12:29,19780,returning,,,,delivery_runner,015,runner_2,,,,,,runner_2 returning to clubhouse from hole_18 (0.6 min)
runners_2_run_03,golf_group_33,12:30:00,19800,tee_off,,1,,golfer_group,,,,33,,,,
runners_2_run_03,runner_2,12:30,19813,arrived_clubhouse,,,,delivery_runner,015,runner_2,,,,,,runner_2 arrived at clubhouse to prepare Order 015
runners_2_run_03,runner_2,12:30,19813,prep_start,,,,delivery_runner,015,runner_2,,,,,,runner_2 started prep for Order 015 (Hole 12)
runners_2_run_03,order_016,12:31:18,19878,order_placed,,18,,order,016,,,7,,,processed,
runners_2_run_03,runner_1,12:37,20250,prep_complete,,,,delivery_runner,014,runner_1,,,,,,runner_1 completed prep for Order 014
runners_2_run_03,runner_1,12:37,20250,delivery_start,,,,delivery_runner,014,runner_1,,,,,,"runner_1 departing to Hole 9 (418m, 0.6 min)"
runners_2_run_03,runner_1,12:38,20284,delivery_complete,,,,delivery_runner,014,runner_1,,,,,,runner_1 delivered Order 014 to Hole 9 (Total completion: 10.6 min)
runners_2_run_03,runner_1,12:38,20284,returning,,,,delivery_runner,014,runner_1,,,,,,runner_1 returning to clubhouse from hole_9 (1.3 min)
runners_2_run_03,golf_group_34,12:39:00,20340,tee_off,,1,,golfer_group,,,,34,,,,
runners_2_run_03,runner_1,12:39,20362,arrived_clubhouse,,,,delivery_runner,014,runner_1,,,,,,runner_1 arrived at clubhouse after delivering Order 014
runners_2_run_03,runner_1,12:39,20365,order_assigned,,,,delivery_runner,016,runner_1,,,,,,Assigned Order 016 to runner_1
runners_2_run_03,runner_1,12:39,20365,prep_start,,,,delivery_runner,016,runner_1,,,,,,runner_1 started prep for Order 016 (Hole 18)
runners_2_run_03,runner_2,12:40,20413,prep_complete,,,,delivery_runner,015,runner_2,,,,,,runner_2 completed prep for Order 015
runners_2_run_03,runner_2,12:40,20413,delivery_start,,,,delivery_runner,015,runner_2,,,,,,"runner_2 departing to Hole 13 (2257m, 3.1 min)"
runners_2_run_03,runner_2,12:43,20601,delivery_complete,,,,delivery_runner,015,runner_2,,,,,,runner_2 delivered Order 015 to Hole 13 (Total completion: 13.8 min)
runners_2_run_03,runner_2,12:43,20601,returning,,,,delivery_runner,015,runner_2,,,,,,runner_2 returning to clubhouse from hole_13 (7.0 min)
runners_2_run_03,order_017,12:46:07,20767,order_placed,,8,,order,017,,,24,,,processed,
runners_2_run_03,golf_group_35,12:48:00,20880,tee_off,,1,,golfer_group,,,,35,,,,
runners_2_run_03,order_018,12:48:23,20903,order_placed,,5,,order,018,,,28,,,processed,
runners_2_run_03,runner_1,12:49,20965,prep_complete,,,,delivery_runner,016,runner_1,,,,,,runner_1 completed prep for Order 016
runners_2_run_03,runner_1,12:49,20965,delivery_start,,,,delivery_runner,016,runner_1,,,,,,"runner_1 departing to Hole 18 (680m, 0.9 min)"
runners_2_run_03,order_019,12:49:52,20992,order_placed,,4,,order,019,,,28,,,processed,
runners_2_run_03,runner_1,12:50,21021,delivery_complete,,,,delivery_runner,016,runner_1,,,,,,runner_1 delivered Order 016 to Hole 18 (Total completion: 19.1 min)
runners_2_run_03,runner_2,12:50,21022,arrived_clubhouse,,,,delivery_runner,015,runner_2,,,,,,runner_2 arrived at clubhouse after delivering Order 015
runners_2_run_03,runner_1,12:50,21025,order_assigned,,,,delivery_runner,017,runner_1,,,,,,Assigned Order 017 to runner_1
runners_2_run_03,runner_2,12:50,21025,order_assigned,,,,delivery_runner,018,runner_2,,,,,,Assigned Order 018 to runner_2
runners_2_run_03,runner_1,12:50,21025,returning,,,,delivery_runner,017,runner_1,,,,,,runner_1 returning to clubhouse from hole_18 (0.6 min)
runners_2_run_03,runner_2,12:50,21025,prep_start,,,,delivery_runner,018,runner_2,,,,,,runner_2 started prep for Order 018 (Hole 5)
runners_2_run_03,runner_1,12:50,21058,arrived_clubhouse,,,,delivery_runner,017,runner_1,,,,,,runner_1 arrived at clubhouse to prepare Order 017
runners_2_run_03,runner_1,12:50,21058,prep_start,,,,delivery_runner,017,runner_1,,,,,,runner_1 started prep for Order 017 (Hole 8)
runners_2_run_03,order_020,12:54:58,21298,order_placed,,12,,order,020,,,17,,,processed,
runners_2_run_03,order_021,12:55:48,21348,order_placed,,18,,order,021,,,11,,,processed,
runners_2_run_03,order_022,12:56:48,21408,order_placed,,9,,order,022,,,23,,,processed,
runners_2_run_03,golf_group_36,12:57:00,21420,tee_off,,1,,golfer_group,,,,36,,,,
runners_2_run_03,runner_2,13:00,21625,prep_complete,,,,delivery_runner,018,runner_2,,,,,,runner_2 completed prep for Order 018
runners_2_run_03,runner_2,13:00,21625,delivery_start,,,,delivery_runner,018,runner_2,,,,,,"runner_2 departing to Hole 6 (2790m, 3.9 min)"
runners_2_run_03,runner_1,13:00,21658,prep_complete,,,,delivery_runner,017,runner_1,,,,,,runner_1 completed prep for Order 017
runners_2_run_03,runner_1,13:00,21658,delivery_start,,,,delivery_runner,017,runner_1,,,,,,"runner_1 departing to Hole 9 (687m, 1.0 min)"
runners_2_run_03,runner_1,13:01,21715,delivery_complete,,,,delivery_runner,017,runner_1,,,,,,runner_1 delivered Order 017 to Hole 9 (Total completion: 15.8 min)
runners_2_run_03,runner_1,13:01,21715,returning,,,,delivery_runner,017,runner_1,,,,,,runner_1 returning to clubhouse from hole_9 (2.1 min)
runners_2_run_03,runner_1,13:04,21843,arrived_clubhouse,,,,delivery_runner,017,runner_1,,,,,,runner_1 arrived at clubhouse after delivering Order 017
runners_2_run_03,runner_1,13:04,21845,order_assigned,,,,delivery_runner,019,runner_1,,,,,,Assigned Order 019 to runner_1
runners_2_run_03,runner_1,13:04,21845,prep_start,,,,delivery_runner,019,runner_1,,,,,,runner_1 started prep for Order 019 (Hole 4)
runners_2_run_03,runner_2,13:04,21857,delivery_complete,,,,delivery_runner,018,runner_2,,,,,,runner_2 delivered Order 018 to Hole 6 (Total completion: 15.9 min)
runners_2_run_03,runner_2,13:04,21857,returning,,,,delivery_runner,018,runner_2,,,,,,runner_2 returning to clubhouse from hole_6 (8.7 min)
runners_2_run_03,golf_group_37,13:06:00,21960,tee_off,,1,,golfer_group,,,,37,,,,
runners_2_run_03,order_023,13:07:51,22071,order_placed,,4,,order,023,,,32,,,processed,
runners_2_run_03,order_024,13:09:09,22149,order_placed,,18,,order,024,,,13,,,processed,
runners_2_run_03,runner_2,13:12,22378,arrived_clubhouse,,,,delivery_runner,018,runner_2,,,,,,runner_2 arrived at clubhouse after delivering Order 018
runners_2_run_03,runner_2,13:13,22380,order_assigned,,,,delivery_runner,020,runner_2,,,,,,Assigned Order 020 to runner_2
runners_2_run_03,runner_2,13:13,22380,prep_start,,,,delivery_runner,020,runner_2,,,,,,runner_2 started prep for Order 020 (Hole 12)
runners_2_run_03,runner_1,13:14,22445,prep_complete,,,,delivery_runner,019,runner_1,,,,,,runner_1 completed prep for Order 019
runners_2_run_03,runner_1,13:14,22445,delivery_start,,,,delivery_runner,019,runner_1,,,,,,"runner_1 departing to Hole 7 (2010m, 2.8 min)"
runners_2_run_03,golf_group_38,13:15:00,22500,tee_off,,1,,golfer_group,,,,38,,,,
runners_2_run_03,order_025,13:16:04,22564,order_placed,,4,,order,025,,,33,,,processed,
runners_2_run_03,runner_1,13:16,22612,delivery_complete,,,,delivery_runner,019,runner_1,,,,,,runner_1 delivered Order 019 to Hole 7 (Total completion: 27.0 min)
runners_2_run_03,runner_1,13:16,22612,returning,,,,delivery_runner,019,runner_1,,,,,,runner_1 returning to clubhouse from hole_7 (6.2 min)
runners_2_run_03,order_026,13:20:59,22859,order_placed,,5,,order,026,,,32,,,processed,
runners_2_run_03,runner_2,13:23,22980,prep_complete,,,,delivery_runner,020,runner_2,,,,,,runner_2 completed prep for Order 020
runners_2_run_03,runner_2,13:23,22980,delivery_start,,,,delivery_runner,020,runner_2,,,,,,"runner_2 departing to Hole 15 (728m, 1.0 min)"
runners_2_run_03,runner_1,13:23,22987,arrived_clubhouse,,,,delivery_runner,019,runner_1,,,,,,runner_1 arrived at clubhouse after delivering Order 019
runners_2_run_03,runner_1,13:23,22990,order_assigned,,,,delivery_runner,021,runner_1,,,,,,Assigned Order 021 to runner_1
runners_2_run_03,runner_1,13:23,22990,prep_start,,,,delivery_runner,021,runner_1,,,,,,runner_1 started prep for Order 021 (Hole 18)
runners_2_run_03,golf_group_39,13:24:00,23040,tee_off,,1,,golfer_group,,,,39,,,,
runners_2_run_03,runner_2,13:24,23040,delivery_complete,,,,delivery_runner,020,runner_2,,,,,,runner_2 delivered Order 020 to Hole 15 (Total completion: 29.0 min)
runners_2_run_03,runner_2,13:24,23040,returning,,,,delivery_runner,020,runner_2,,,,,,runner_2 returning to clubhouse from hole_15 (2.3 min)
runners_2_run_03,runner_2,13:26,23176,arrived_clubhouse,,,,delivery_runner,020,runner_2,,,,,,runner_2 arrived at clubhouse after delivering Order 020
runners_2_run_03,runner_2,13:26,23180,order_assigned,,,,delivery_runner,022,runner_2,,,,,,Assigned Order 022 to runner_2
runners_2_run_03,runner_2,13:26,23180,prep_start,,,,delivery_runner,022,runner_2,,,,,,runner_2 started prep for Order 022 (Hole 9)
runners_2_run_03,golf_group_40,13:33:00,23580,tee_off,,1,,golfer_group,,,,40,,,,
runners_2_run_03,runner_1,13:33,23590,prep_complete,,,,delivery_runner,021,runner_1,,,,,,runner_1 completed prep for Order 021
runners_2_run_03,runner_1,13:33,23590,delivery_start,,,,delivery_runner,021,runner_1,,,,,,"runner_1 departing to Hole 18 (680m, 0.9 min)"
runners_2_run_03,runner_1,13:34,23646,delivery_complete,,,,delivery_runner,021,runner_1,,,,,,runner_1 delivered Order 021 to Hole 18 (Total completion: 38.3 min)
runners_2_run_03,runner_1,13:34,23650,order_assigned,,,,delivery_runner,023,runner_1,,,,,,Assigned Order 023 to runner_1
runners_2_run_03,runner_1,13:34,23650,returning,,,,delivery_runner,023,runner_1,,,,,,runner_1 returning to clubhouse from hole_18 (0.6 min)
runners_2_run_03,runner_1,13:34,23683,arrived_clubhouse,,,,delivery_runner,023,runner_1,,,,,,runner_1 arrived at clubhouse to prepare Order 023
runners_2_run_03,runner_1,13:34,23683,prep_start,,,,delivery_runner,023,runner_1,,,,,,runner_1 started prep for Order 023 (Hole 4)
runners_2_run_03,order_027,13:36:12,23772,order_placed,,7,,order,027,,,31,,,processed,
runners_2_run_03,runner_2,13:36,23780,prep_complete,,,,delivery_runner,022,runner_2,,,,,,runner_2 completed prep for Order 022
runners_2_run_03,runner_2,13:36,23780,delivery_start,,,,delivery_runner,022,runner_2,,,,,,"runner_2 departing to Hole 12 (2814m, 3.9 min)"
runners_2_run_03,runner_2,13:40,24014,delivery_complete,,,,delivery_runner,022,runner_2,,,,,,runner_2 delivered Order 022 to Hole 12 (Total completion: 43.4 min)
runners_2_run_03,runner_2,13:40,24014,returning,,,,delivery_runner,022,runner_2,,,,,,runner_2 returning to clubhouse from hole_12 (8.8 min)
runners_2_run_03,order_028,13:40:53,24053,order_placed,,6,,order,028,,,33,,,processed,
runners_2_run_03,golf_group_41,13:42:00,24120,tee_off,,1,,golfer_group,,,,41,,,,
runners_2_run_03,runner_1,13:44,24283,prep_complete,,,,delivery_runner,023,runner_1,,,,,,runner_1 completed prep for Order 023
runners_2_run_03,runner_1,13:44,24283,delivery_start,,,,delivery_runner,023,runner_1,,,,,,"runner_1 departing to Hole 7 (2349m, 3.3 min)"
runners_2_run_03,runner_1,13:47,24479,delivery_complete,,,,delivery_runner,023,runner_1,,,,,,runner_1 delivered Order 023 to Hole 7 (Total completion: 40.1 min)
runners_2_run_03,runner_1,13:47,24479,returning,,,,delivery_runner,023,runner_1,,,,,,runner_1 returning to clubhouse from hole_7 (7.3 min)
runners_2_run_03,runner_2,13:48,24539,arrived_clubhouse,,,,delivery_runner,022,runner_2,,,,,,runner_2 arrived at clubhouse after delivering Order 022
runners_2_run_03,runner_2,13:49,24540,order_assigned,,,,delivery_runner,024,runner_2,,,,,,Assigned Order 024 to runner_2
runners_2_run_03,runner_2,13:49,24540,prep_start,,,,delivery_runner,024,runner_2,,,,,,runner_2 started prep for Order 024 (Hole 18)
runners_2_run_03,golf_group_42,13:51:00,24660,tee_off,,1,,golfer_group,,,,42,,,,
runners_2_run_03,order_029,13:53:17,24797,order_placed,,8,,order,029,,,31,,,processed,
runners_2_run_03,runner_1,13:55,24917,arrived_clubhouse,,,,delivery_runner,023,runner_1,,,,,,runner_1 arrived at clubhouse after delivering Order 023
runners_2_run_03,runner_1,13:55,24920,order_assigned,,,,delivery_runner,025,runner_1,,,,,,Assigned Order 025 to runner_1
runners_2_run_03,runner_1,13:55,24920,prep_start,,,,delivery_runner,025,runner_1,,,,,,runner_1 started prep for Order 025 (Hole 4)
runners_2_run_03,order_030,13:56:24,24984,order_placed,,12,,order,030,,,25,,,processed,
runners_2_run_03,runner_2,13:59,25140,prep_complete,,,,delivery_runner,024,runner_2,,,,,,runner_2 completed prep for Order 024
runners_2_run_03,runner_2,13:59,25140,delivery_start,,,,delivery_runner,024,runner_2,,,,,,"runner_2 departing to Hole 18 (680m, 0.9 min)"
runners_2_run_03,runner_2,13:59,25196,delivery_complete,,,,delivery_runner,024,runner_2,,,,,,runner_2 delivered Order 024 to Hole 18 (Total completion: 50.8 min)
runners_2_run_03,golf_group_43,14:00:00,25200,tee_off,,1,,golfer_group,,,,43,,,,
runners_2_run_03,runner_2,14:00,25200,order_assigned,,,,delivery_runner,026,runner_2,,,,,,Assigned Order 026 to runner_2
runners_2_run_03,runner_2,14:00,25200,returning,,,,delivery_runner,026,runner_2,,,,,,runner_2 returning to clubhouse from hole_18 (0.6 min)
runners_2_run_03,runner_2,14:00,25233,arrived_clubhouse,,,,delivery_runner,026,runner_2,,,,,,runner_2 arrived at clubhouse to prepare Order 026
runners_2_run_03,runner_2,14:00,25233,prep_start,,,,delivery_runner,026,runner_2,,,,,,runner_2 started prep for Order 026 (Hole 5)
runners_2_run_03,runner_1,14:05,25520,prep_complete,,,,delivery_runner,025,runner_1,,,,,,runner_1 completed prep for Order 025
runners_2_run_03,runner_1,14:05,25520,delivery_start,,,,delivery_runner,025,runner_1,,,,,,"runner_1 departing to Hole 8 (1603m, 2.2 min)"
runners_2_run_03,runner_1,14:07,25653,delivery_complete,,,,delivery_runner,025,runner_1,,,,,,runner_1 delivered Order 025 to Hole 8 (Total completion: 51.5 min)
runners_2_run_03,runner_1,14:07,25653,returning,,,,delivery_runner,025,runner_1,,,,,,runner_1 returning to clubhouse from hole_8 (5.0 min)
runners_2_run_03,golf_group_44,14:09:00,25740,tee_off,,1,,golfer_group,,,,44,,,,
runners_2_run_03,runner_2,14:10,25833,prep_complete,,,,delivery_runner,026,runner_2,,,,,,runner_2 completed prep for Order 026
runners_2_run_03,runner_2,14:10,25833,delivery_start,,,,delivery_runner,026,runner_2,,,,,,"runner_2 departing to Hole 9 (823m, 1.1 min)"
runners_2_run_03,runner_2,14:11,25901,delivery_complete,,,,delivery_runner,026,runner_2,,,,,,runner_2 delivered Order 026 to Hole 9 (Total completion: 50.7 min)
runners_2_run_03,runner_2,14:11,25901,returning,,,,delivery_runner,026,runner_2,,,,,,runner_2 returning to clubhouse from hole_9 (2.6 min)
runners_2_run_03,runner_1,14:12,25952,arrived_clubhouse,,,,delivery_runner,025,runner_1,,,,,,runner_1 arrived at clubhouse after delivering Order 025
runners_2_run_03,runner_1,14:12,25955,order_assigned,,,,delivery_runner,027,runner_1,,,,,,Assigned Order 027 to runner_1
runners_2_run_03,runner_1,14:12,25955,prep_start,,,,delivery_runner,027,runner_1,,,,,,runner_1 started prep for Order 027 (Hole 7)
runners_2_run_03,order_031,14:14:06,26046,order_placed,,18,,order,031,,,19,,,processed,
runners_2_run_03,runner_2,14:14,26055,arrived_clubhouse,,,,delivery_runner,026,runner_2,,,,,,runner_2 arrived at clubhouse after delivering Order 026
runners_2_run_03,runner_2,14:14,26060,order_assigned,,,,delivery_runner,028,runner_2,,,,,,Assigned Order 028 to runner_2
runners_2_run_03,runner_2,14:14,26060,prep_start,,,,delivery_runner,028,runner_2,,,,,,runner_2 started prep for Order 028 (Hole 6)
runners_2_run_03,golf_group_45,14:18:00,26280,tee_off,,1,,golfer_group,,,,45,,,,
runners_2_run_03,runner_1,14:22,26555,prep_complete,,,,delivery_runner,027,runner_1,,,,,,runner_1 completed prep for Order 027
runners_2_run_03,runner_1,14:22,26555,delivery_start,,,,delivery_runner,027,runner_1,,,,,,"runner_1 departing to Hole 10 (893m, 1.2 min)"
runners_2_run_03,runner_1,14:23,26629,delivery_complete,,,,delivery_runner,027,runner_1,,,,,,runner_1 delivered Order 027 to Hole 10 (Total completion: 47.6 min)
runners_2_run_03,runner_1,14:23,26629,returning,,,,delivery_runner,027,runner_1,,,,,,runner_1 returning to clubhouse from hole_10 (2.8 min)
runners_2_run_03,runner_2,14:24,26660,prep_complete,,,,delivery_runner,028,runner_2,,,,,,runner_2 completed prep for Order 028
runners_2_run_03,runner_2,14:24,26660,delivery_start,,,,delivery_runner,028,runner_2,,,,,,"runner_2 departing to Hole 9 (486m, 0.7 min)"
runners_2_run_03,runner_2,14:25,26700,delivery_complete,,,,delivery_runner,028,runner_2,,,,,,runner_2 delivered Order 028 to Hole 9 (Total completion: 44.1 min)
runners_2_run_03,runner_2,14:25,26700,returning,,,,delivery_runner,028,runner_2,,,,,,runner_2 returning to clubhouse from hole_9 (1.5 min)
runners_2_run_03,runner_2,14:26,26791,arrived_clubhouse,,,,delivery_runner,028,runner_2,,,,,,runner_2 arrived at clubhouse after delivering Order 028
runners_2_run_03,runner_2,14:26,26795,order_assigned,,,,delivery_runner,029,runner_2,,,,,,Assigned Order 029 to runner_2
runners_2_run_03,runner_2,14:26,26795,prep_start,,,,delivery_runner,029,runner_2,,,,,,runner_2 started prep for Order 029 (Hole 8)
runners_2_run_03,runner_1,14:26,26796,arrived_clubhouse,,,,delivery_runner,027,runner_1,,,,,,runner_1 arrived at clubhouse after delivering Order 027
runners_2_run_03,runner_1,14:26,26800,order_assigned,,,,delivery_runner,030,runner_1,,,,,,Assigned Order 030 to runner_1
runners_2_run_03,runner_1,14:26,26800,prep_start,,,,delivery_runner,030,runner_1,,,,,,runner_1 started prep for Order 030 (Hole 12)
runners_2_run_03,golf_group_46,14:27:00,26820,tee_off,,1,,golfer_group,,,,46,,,,
runners_2_run_03,order_032,14:31:46,27106,order_placed,,9,,order,032,,,34,,,processed,
runners_2_run_03,golf_group_47,14:36:00,27360,tee_off,,1,,golfer_group,,,,47,,,,
runners_2_run_03,runner_2,14:36,27395,prep_complete,,,,delivery_runner,029,runner_2,,,,,,runner_2 completed prep for Order 029
runners_2_run_03,runner_2,14:36,27395,delivery_start,,,,delivery_runner,029,runner_2,,,,,,"runner_2 departing to Hole 11 (1948m, 2.7 min)"
runners_2_run_03,runner_1,14:36,27400,prep_complete,,,,delivery_runner,030,runner_1,,,,,,runner_1 completed prep for Order 030
runners_2_run_03,runner_1,14:36,27400,delivery_start,,,,delivery_runner,030,runner_1,,,,,,"runner_1 departing to Hole 15 (660m, 0.9 min)"
runners_2_run_03,runner_1,14:37,27455,delivery_complete,,,,delivery_runner,030,runner_1,,,,,,runner_1 delivered Order 030 to Hole 15 (Total completion: 41.2 min)
runners_2_run_03,runner_1,14:37,27455,returning,,,,delivery_runner,030,runner_1,,,,,,runner_1 returning to clubhouse from hole_15 (2.1 min)
runners_2_run_03,runner_2,14:39,27557,delivery_complete,,,,delivery_runner,029,runner_2,,,,,,runner_2 delivered Order 029 to Hole 11 (Total completion: 46.0 min)
runners_2_run_03,runner_2,14:39,27557,returning,,,,delivery_runner,029,runner_2,,,,,,runner_2 returning to clubhouse from hole_11 (6.1 min)
runners_2_run_03,runner_1,14:39,27578,arrived_clubhouse,,,,delivery_runner,030,runner_1,,,,,,runner_1 arrived at clubhouse after delivering Order 030
runners_2_run_03,runner_1,14:39,27580,order_assigned,,,,delivery_runner,031,runner_1,,,,,,Assigned Order 031 to runner_1
runners_2_run_03,runner_1,14:39,27580,prep_start,,,,delivery_runner,031,runner_1,,,,,,runner_1 started prep for Order 031 (Hole 18)
runners_2_run_03,order_033,14:44:45,27885,order_placed,,15,,order,033,,,27,,,processed,
runners_2_run_03,golf_group_48,14:45:00,27900,tee_off,,1,,golfer_group,,,,48,,,,
runners_2_run_03,runner_2,14:45,27920,arrived_clubhouse,,,,delivery_runner,029,runner_2,,,,,,runner_2 arrived at clubhouse after delivering Order 029
runners_2_run_03,runner_2,14:45,27925,order_assigned,,,,delivery_runner,032,runner_2,,,,,,Assigned Order 032 to runner_2
runners_2_run_03,runner_2,14:45,27925,prep_start,,,,delivery_runner,032,runner_2,,,,,,runner_2 started prep for Order 032 (Hole 9)
runners_2_run_03,runner_1,14:49,28180,prep_complete,,,,delivery_runner,031,runner_1,,,,,,runner_1 completed prep for Order 031
runners_2_run_03,runner_1,14:49,28180,delivery_start,,,,delivery_runner,031,runner_1,,,,,,"runner_1 departing to Hole 18 (680m, 0.9 min)"
runners_2_run_03,runner_1,14:50,28236,delivery_complete,,,,delivery_runner,031,runner_1,,,,,,runner_1 delivered Order 031 to Hole 18 (Total completion: 36.5 min)
runners_2_run_03,runner_1,14:50,28240,order_assigned,,,,delivery_runner,033,runner_1,,,,,,Assigned Order 033 to runner_1
runners_2_run_03,runner_1,14:50,28240,returning,,,,delivery_runner,033,runner_1,,,,,,runner_1 returning to clubhouse from hole_18 (0.6 min)
runners_2_run_03,runner_1,14:51,28273,arrived_clubhouse,,,,delivery_runner,033,runner_1,,,,,,runner_1 arrived at clubhouse to prepare Order 033
runners_2_run_03,runner_1,14:51,28273,prep_start,,,,delivery_runner,033,runner_1,,,,,,runner_1 started prep for Order 033 (Hole 15)
runners_2_run_03,golf_group_49,14:54:00,28440,tee_off,,1,,golfer_group,,,,49,,,,
runners_2_run_03,runner_2,14:55,28525,prep_complete,,,,delivery_runner,032,runner_2,,,,,,runner_2 completed prep for Order 032
runners_2_run_03,runner_2,14:55,28525,delivery_start,,,,delivery_runner,032,runner_2,,,,,,"runner_2 departing to Hole 11 (1348m, 1.9 min)"
runners_2_run_03,runner_2,14:57,28637,delivery_complete,,,,delivery_runner,032,runner_2,,,,,,runner_2 delivered Order 032 to Hole 11 (Total completion: 25.5 min)
runners_2_run_03,runner_2,14:57,28637,returning,,,,delivery_runner,032,runner_2,,,,,,runner_2 returning to clubhouse from hole_11 (4.2 min)
runners_2_run_03,order_034,14:57:25,28645,order_placed,,8,,order,034,,,38,,,processed,
runners_2_run_03,order_035,14:58:11,28691,order_placed,,12,,order,035,,,31,,,processed,
runners_2_run_03,runner_1,15:01,28873,prep_complete,,,,delivery_runner,033,runner_1,,,,,,runner_1 completed prep for Order 033
runners_2_run_03,runner_1,15:01,28873,delivery_start,,,,delivery_runner,033,runner_1,,,,,,"runner_1 departing to Hole 16 (839m, 1.2 min)"
runners_2_run_03,runner_2,15:01,28888,arrived_clubhouse,,,,delivery_runner,032,runner_2,,,,,,runner_2 arrived at clubhouse after delivering Order 032
runners_2_run_03,runner_2,15:01,28890,order_assigned,,,,delivery_runner,034,runner_2,,,,,,Assigned Order 034 to runner_2
runners_2_run_03,runner_2,15:01,28890,prep_start,,,,delivery_runner,034,runner_2,,,,,,runner_2 started prep for Order 034 (Hole 8)
runners_2_run_03,runner_1,15:02,28943,delivery_complete,,,,delivery_runner,033,runner_1,,,,,,runner_1 delivered Order 033 to Hole 16 (Total completion: 17.6 min)
runners_2_run_03,runner_1,15:02,28943,returning,,,,delivery_runner,033,runner_1,,,,,,runner_1 returning to clubhouse from hole_16 (2.6 min)
runners_2_run_03,golf_group_50,15:03:00,28980,tee_off,,1,,golfer_group,,,,50,,,,
runners_2_run_03,runner_1,15:04,29099,arrived_clubhouse,,,,delivery_runner,033,runner_1,,,,,,runner_1 arrived at clubhouse after delivering Order 033
runners_2_run_03,runner_1,15:05,29100,order_assigned,,,,delivery_runner,035,runner_1,,,,,,Assigned Order 035 to runner_1
runners_2_run_03,runner_1,15:05,29100,prep_start,,,,delivery_runner,035,runner_1,,,,,,runner_1 started prep for Order 035 (Hole 12)
runners_2_run_03,order_036,15:09:48,29388,order_placed,,8,,order,036,,,39,,,processed,
runners_2_run_03,runner_2,15:11,29490,prep_complete,,,,delivery_runner,034,runner_2,,,,,,runner_2 completed prep for Order 034
runners_2_run_03,runner_2,15:11,29490,delivery_start,,,,delivery_runner,034,runner_2,,,,,,"runner_2 departing to Hole 9 (418m, 0.6 min)"
runners_2_run_03,golf_group_51,15:12:00,29520,tee_off,,1,,golfer_group,,,,51,,,,
runners_2_run_03,runner_2,15:12,29524,delivery_complete,,,,delivery_runner,034,runner_2,,,,,,runner_2 delivered Order 034 to Hole 9 (Total completion: 14.7 min)
runners_2_run_03,runner_2,15:12,29524,returning,,,,delivery_runner,034,runner_2,,,,,,runner_2 returning to clubhouse from hole_9 (1.3 min)
runners_2_run_03,runner_2,15:13,29602,arrived_clubhouse,,,,delivery_runner,034,runner_2,,,,,,runner_2 arrived at clubhouse after delivering Order 034
runners_2_run_03,runner_2,15:13,29605,order_assigned,,,,delivery_runner,036,runner_2,,,,,,Assigned Order 036 to runner_2
runners_2_run_03,runner_2,15:13,29605,prep_start,,,,delivery_runner,036,runner_2,,,,,,runner_2 started prep for Order 036 (Hole 8)
runners_2_run_03,runner_1,15:15,29700,prep_complete,,,,delivery_runner,035,runner_1,,,,,,runner_1 completed prep for Order 035
runners_2_run_03,runner_1,15:15,29700,delivery_start,,,,delivery_runner,035,runner_1,,,,,,"runner_1 departing to Hole 14 (1589m, 2.2 min)"
runners_2_run_03,runner_1,15:17,29832,delivery_complete,,,,delivery_runner,035,runner_1,,,,,,runner_1 delivered Order 035 to Hole 14 (Total completion: 19.0 min)
runners_2_run_03,runner_1,15:17,29832,returning,,,,delivery_runner,035,runner_1,,,,,,runner_1 returning to clubhouse from hole_14 (4.9 min)
runners_2_run_03,golf_group_52,15:21:00,30060,tee_off,,1,,golfer_group,,,,52,,,,
runners_2_run_03,runner_1,15:22,30128,arrived_clubhouse,,,,delivery_runner,035,runner_1,,,,,,runner_1 arrived at clubhouse after delivering Order 035
runners_2_run_03,runner_2,15:23,30205,prep_complete,,,,delivery_runner,036,runner_2,,,,,,runner_2 completed prep for Order 036
runners_2_run_03,runner_2,15:23,30205,delivery_start,,,,delivery_runner,036,runner_2,,,,,,"runner_2 departing to Hole 9 (214m, 0.3 min)"
runners_2_run_03,runner_2,15:23,30222,delivery_complete,,,,delivery_runner,036,runner_2,,,,,,runner_2 delivered Order 036 to Hole 9 (Total completion: 13.9 min)
runners_2_run_03,runner_2,15:23,30222,returning,,,,delivery_runner,036,runner_2,,,,,,runner_2 returning to clubhouse from hole_9 (0.7 min)
runners_2_run_03,runner_2,15:24,30262,arrived_clubhouse,,,,delivery_runner,036,runner_2,,,,,,runner_2 arrived at clubhouse after delivering Order 036
runners_2_run_03,order_037,15:26:34,30394,order_placed,,6,,order,037,,,45,,,processed,
runners_2_run_03,runner_1,15:26,30395,order_assigned,,,,delivery_runner,037,runner_1,,,,,,Assigned Order 037 to runner_1
runners_2_run_03,runner_1,15:26,30395,prep_start,,,,delivery_runner,037,runner_1,,,,,,runner_1 started prep for Order 037 (Hole 6)
runners_2_run_03,golf_group_53,15:30:00,30600,tee_off,,1,,golfer_group,,,,53,,,,
runners_2_run_03,order_038,15:34:23,30863,order_placed,,15,,order,038,,,32,,,processed,
runners_2_run_03,runner_2,15:34,30865,order_assigned,,,,delivery_runner,038,runner_2,,,,,,Assigned Order 038 to runner_2
runners_2_run_03,runner_2,15:34,30865,prep_start,,,,delivery_runner,038,runner_2,,,,,,runner_2 started prep for Order 038 (Hole 15)
runners_2_run_03,runner_1,15:36,30995,prep_complete,,,,delivery_runner,037,runner_1,,,,,,runner_1 completed prep for Order 037
runners_2_run_03,runner_1,15:36,30995,delivery_start,,,,delivery_runner,037,runner_1,,,,,,"runner_1 departing to Hole 7 (2621m, 3.6 min)"
runners_2_run_03,golf_group_54,15:39:00,31140,tee_off,,1,,golfer_group,,,,54,,,,
runners_2_run_03,runner_1,15:40,31213,delivery_complete,,,,delivery_runner,037,runner_1,,,,,,runner_1 delivered Order 037 to Hole 7 (Total completion: 13.7 min)
runners_2_run_03,runner_1,15:40,31213,returning,,,,delivery_runner,037,runner_1,,,,,,runner_1 returning to clubhouse from hole_7 (8.2 min)
runners_2_run_03,runner_2,15:44,31465,prep_complete,,,,delivery_runner,038,runner_2,,,,,,runner_2 completed prep for Order 038
runners_2_run_03,runner_2,15:44,31465,delivery_start,,,,delivery_runner,038,runner_2,,,,,,"runner_2 departing to Hole 16 (703m, 1.0 min)"
runners_2_run_03,runner_2,15:45,31523,delivery_complete,,,,delivery_runner,038,runner_2,,,,,,runner_2 delivered Order 038 to Hole 16 (Total completion: 11.0 min)
runners_2_run_03,runner_2,15:45,31523,returning,,,,delivery_runner,038,runner_2,,,,,,runner_2 returning to clubhouse from hole_16 (2.2 min)
runners_2_run_03,runner_2,15:47,31654,arrived_clubhouse,,,,delivery_runner,038,runner_2,,,,,,runner_2 arrived at clubhouse after delivering Order 038
runners_2_run_03,golf_group_55,15:48:00,31680,tee_off,,1,,golfer_group,,,,55,,,,
runners_2_run_03,runner_1,15:48,31702,arrived_clubhouse,,,,delivery_runner,037,runner_1,,,,,,runner_1 arrived at clubhouse after delivering Order 037
runners_2_run_03,golf_group_56,15:57:00,32220,tee_off,,1,,golfer_group,,,,56,,,,
runners_2_run_03,golf_group_57,16:06:00,32760,tee_off,,1,,golfer_group,,,,57,,,,
runners_2_run_03,order_039,16:12:27,33147,order_placed,,4,,order,039,,,53,,,processed,
runners_2_run_03,runner_1,16:12,33150,order_assigned,,,,delivery_runner,039,runner_1,,,,,,Assigned Order 039 to runner_1
runners_2_run_03,runner_1,16:12,33150,prep_start,,,,delivery_runner,039,runner_1,,,,,,runner_1 started prep for Order 039 (Hole 4)
runners_2_run_03,order_040,16:18:03,33483,order_placed,,16,,order,040,,,35,,,processed,
runners_2_run_03,runner_2,16:18,33485,order_assigned,,,,delivery_runner,040,runner_2,,,,,,Assigned Order 040 to runner_2
runners_2_run_03,runner_2,16:18,33485,prep_start,,,,delivery_runner,040,runner_2,,,,,,runner_2 started prep for Order 040 (Hole 16)
runners_2_run_03,runner_1,16:22,33750,prep_complete,,,,delivery_runner,039,runner_1,,,,,,runner_1 completed prep for Order 039
runners_2_run_03,runner_1,16:22,33750,delivery_start,,,,delivery_runner,039,runner_1,,,,,,"runner_1 departing to Hole 5 (3255m, 4.5 min)"
runners_2_run_03,runner_1,16:27,34021,delivery_complete,,,,delivery_runner,039,runner_1,,,,,,runner_1 delivered Order 039 to Hole 5 (Total completion: 14.6 min)
runners_2_run_03,runner_1,16:27,34021,returning,,,,delivery_runner,039,runner_1,,,,,,runner_1 returning to clubhouse from hole_5 (10.1 min)
runners_2_run_03,runner_2,16:28,34085,prep_complete,,,,delivery_runner,040,runner_2,,,,,,runner_2 completed prep for Order 040
runners_2_run_03,runner_2,16:28,34085,delivery_start,,,,delivery_runner,040,runner_2,,,,,,"runner_2 departing to Hole 18 (1220m, 1.7 min)"
runners_2_run_03,runner_2,16:29,34186,delivery_complete,,,,delivery_runner,040,runner_2,,,,,,runner_2 delivered Order 040 to Hole 18 (Total completion: 11.7 min)
runners_2_run_03,runner_2,16:29,34186,returning,,,,delivery_runner,040,runner_2,,,,,,runner_2 returning to clubhouse from hole_18 (3.8 min)
runners_2_run_03,runner_2,16:33,34414,arrived_clubhouse,,,,delivery_runner,040,runner_2,,,,,,runner_2 arrived at clubhouse after delivering Order 040
runners_2_run_03,runner_1,16:37,34628,arrived_clubhouse,,,,delivery_runner,039,runner_1,,,,,,runner_1 arrived at clubhouse after delivering Order 039
runners_2_run_03,order_041,16:42:26,34946,order_placed,,13,,order,041,,,42,,,processed,
runners_2_run_03,runner_1,16:42,34950,order_assigned,,,,delivery_runner,041,runner_1,,,,,,Assigned Order 041 to runner_1
runners_2_run_03,runner_1,16:42,34950,prep_start,,,,delivery_runner,041,runner_1,,,,,,runner_1 started prep for Order 041 (Hole 13)
runners_2_run_03,order_042,16:44:59,35099,order_placed,,18,,order,042,,,36,,,processed,
runners_2_run_03,runner_2,16:45,35100,order_assigned,,,,delivery_runner,042,runner_2,,,,,,Assigned Order 042 to runner_2
runners_2_run_03,runner_2,16:45,35100,prep_start,,,,delivery_runner,042,runner_2,,,,,,runner_2 started prep for Order 042 (Hole 18)
runners_2_run_03,order_043,16:46:38,35198,order_placed,,18,,order,043,,,36,,,processed,
runners_2_run_03,runner_1,16:52,35550,prep_complete,,,,delivery_runner,041,runner_1,,,,,,runner_1 completed prep for Order 041
runners_2_run_03,runner_1,16:52,35550,delivery_start,,,,delivery_runner,041,runner_1,,,,,,"runner_1 departing to Hole 14 (1725m, 2.4 min)"
runners_2_run_03,runner_1,16:54,35693,delivery_complete,,,,delivery_runner,041,runner_1,,,,,,runner_1 delivered Order 041 to Hole 14 (Total completion: 12.5 min)
runners_2_run_03,runner_1,16:54,35693,returning,,,,delivery_runner,041,runner_1,,,,,,runner_1 returning to clubhouse from hole_14 (5.4 min)
runners_2_run_03,runner_2,16:55,35700,prep_complete,,,,delivery_runner,042,runner_2,,,,,,runner_2 completed prep for Order 042
runners_2_run_03,runner_2,16:55,35700,delivery_start,,,,delivery_runner,042,runner_2,,,,,,"runner_2 departing to Hole 18 (68m, 0.1 min)"
runners_2_run_03,runner_2,16:55,35705,delivery_complete,,,,delivery_runner,042,runner_2,,,,,,runner_2 delivered Order 042 to Hole 18 (Total completion: 10.1 min)
runners_2_run_03,runner_2,16:55,35705,returning,,,,delivery_runner,042,runner_2,,,,,,runner_2 returning to clubhouse from hole_18 (0.2 min)
runners_2_run_03,runner_2,16:55,35718,arrived_clubhouse,,,,delivery_runner,042,runner_2,,,,,,runner_2 arrived at clubhouse after delivering Order 042
runners_2_run_03,runner_2,16:55,35720,order_assigned,,,,delivery_runner,043,runner_2,,,,,,Assigned Order 043 to runner_2
runners_2_run_03,runner_2,16:55,35720,prep_start,,,,delivery_runner,043,runner_2,,,,,,runner_2 started prep for Order 043 (Hole 18)
runners_2_run_03,golf_group_58,17:00:00,36000,tee_off,,1,,golfer_group,,,,58,,,,
runners_2_run_03,runner_1,17:00,36015,arrived_clubhouse,,,,delivery_runner,041,runner_1,,,,,,runner_1 arrived at clubhouse after delivering Order 041
runners_2_run_03,runner_2,17:05,36320,prep_complete,,,,delivery_runner,043,runner_2,,,,,,runner_2 completed prep for Order 043
runners_2_run_03,runner_2,17:05,36320,delivery_start,,,,delivery_runner,043,runner_2,,,,,,"runner_2 departing to Hole 18 (680m, 0.9 min)"
runners_2_run_03,runner_2,17:06,36376,delivery_complete,,,,delivery_runner,043,runner_2,,,,,,runner_2 delivered Order 043 to Hole 18 (Total completion: 19.6 min)
runners_2_run_03,order_044,17:06:55,36415,order_placed,,18,,order,044,,,39,,,processed,
runners_2_run_03,runner_1,17:06,36415,order_assigned,,,,delivery_runner,044,runner_1,,,,,,Assigned Order 044 to runner_1
runners_2_run_03,runner_1,17:06,36415,prep_start,,,,delivery_runner,044,runner_1,,,,,,runner_1 started prep for Order 044 (Hole 18)
runners_2_run_03,runner_1,17:16,37015,prep_complete,,,,delivery_runner,044,runner_1,,,,,,runner_1 completed prep for Order 044
runners_2_run_03,runner_1,17:16,37015,delivery_start,,,,delivery_runner,044,runner_1,,,,,,"runner_1 departing to Hole 18 (408m, 0.6 min)"
runners_2_run_03,runner_1,17:17,37048,delivery_complete,,,,delivery_runner,044,runner_1,,,,,,runner_1 delivered Order 044 to Hole 18 (Total completion: 10.6 min)
runners_2_run_03,runner_1,17:17,37048,returning,,,,delivery_runner,044,runner_1,,,,,,runner_1 returning to clubhouse from hole_18 (1.3 min)
runners_2_run_03,golf_group_59,17:18:00,37080,tee_off,,1,,golfer_group,,,,59,,,,
runners_2_run_03,runner_1,17:18,37125,arrived_clubhouse,,,,delivery_runner,044,runner_1,,,,,,runner_1 arrived at clubhouse after delivering Order 044
runners_2_run_03,order_045,17:25:32,37532,order_placed,,16,,order,045,,,43,,,processed,
runners_2_run_03,runner_1,17:25,37535,order_assigned,,,,delivery_runner,045,runner_1,,,,,,Assigned Order 045 to runner_1
runners_2_run_03,runner_1,17:25,37535,prep_start,,,,delivery_runner,045,runner_1,,,,,,runner_1 started prep for Order 045 (Hole 16)
runners_2_run_03,golf_group_60,17:27:00,37620,tee_off,,1,,golfer_group,,,,60,,,,
runners_2_run_03,order_046,17:27:17,37637,order_placed,,13,,order,046,,,47,,,processed,
runners_2_run_03,runner_2,17:27,37640,order_assigned,,,,delivery_runner,046,runner_2,,,,,,Assigned Order 046 to runner_2
runners_2_run_03,runner_2,17:27,37640,returning,,,,delivery_runner,046,runner_2,,,,,,runner_2 returning to clubhouse from hole_18 (0.6 min)
runners_2_run_03,runner_2,17:27,37673,arrived_clubhouse,,,,delivery_runner,046,runner_2,,,,,,runner_2 arrived at clubhouse to prepare Order 046
runners_2_run_03,runner_2,17:27,37673,prep_start,,,,delivery_runner,046,runner_2,,,,,,runner_2 started prep for Order 046 (Hole 13)
runners_2_run_03,order_047,17:33:28,38008,order_placed,,7,,order,047,,,56,,,processed,
runners_2_run_03,runner_1,17:35,38135,prep_complete,,,,delivery_runner,045,runner_1,,,,,,runner_1 completed prep for Order 045
runners_2_run_03,runner_1,17:35,38135,delivery_start,,,,delivery_runner,045,runner_1,,,,,,"runner_1 departing to Hole 17 (1469m, 2.0 min)"
runners_2_run_03,golf_group_61,17:36:00,38160,tee_off,,1,,golfer_group,,,,61,,,,
runners_2_run_03,runner_1,17:37,38257,delivery_complete,,,,delivery_runner,045,runner_1,,,,,,runner_1 delivered Order 045 to Hole 17 (Total completion: 12.1 min)
runners_2_run_03,runner_1,17:37,38257,returning,,,,delivery_runner,045,runner_1,,,,,,runner_1 returning to clubhouse from hole_17 (4.6 min)
runners_2_run_03,runner_2,17:37,38273,prep_complete,,,,delivery_runner,046,runner_2,,,,,,runner_2 completed prep for Order 046
runners_2_run_03,runner_2,17:37,38273,delivery_start,,,,delivery_runner,046,runner_2,,,,,,"runner_2 departing to Hole 14 (1657m, 2.3 min)"
runners_2_run_03,order_048,17:39:23,38363,order_placed,,15,,order,048,,,46,,,processed,
runners_2_run_03,runner_2,17:40,38411,delivery_complete,,,,delivery_runner,046,runner_2,,,,,,runner_2 delivered Order 046 to Hole 14 (Total completion: 12.9 min)
runners_2_run_03,runner_2,17:40,38411,returning,,,,delivery_runner,046,runner_2,,,,,,runner_2 returning to clubhouse from hole_14 (5.2 min)
runners_2_run_03,order_049,17:41:28,38488,order_placed,,18,,order,049,,,41,,,processed,
runners_2_run_03,runner_1,17:42,38531,arrived_clubhouse,,,,delivery_runner,045,runner_1,,,,,,runner_1 arrived at clubhouse after delivering Order 045
runners_2_run_03,runner_1,17:42,38535,order_assigned,,,,delivery_runner,047,runner_1,,,,,,Assigned Order 047 to runner_1
runners_2_run_03,runner_1,17:42,38535,prep_start,,,,delivery_runner,047,runner_1,,,,,,runner_1 started prep for Order 047 (Hole 7)
runners_2_run_03,golf_group_62,17:45:00,38700,tee_off,,1,,golfer_group,,,,62,,,,
runners_2_run_03,runner_2,17:45,38720,arrived_clubhouse,,,,delivery_runner,046,runner_2,,,,,,runner_2 arrived at clubhouse after delivering Order 046
runners_2_run_03,runner_2,17:45,38725,order_assigned,,,,delivery_runner,048,runner_2,,,,,,Assigned Order 048 to runner_2
runners_2_run_03,runner_2,17:45,38725,prep_start,,,,delivery_runner,048,runner_2,,,,,,runner_2 started prep for Order 048 (Hole 15)
runners_2_run_03,order_050,17:50:29,39029,order_placed,,12,,order,050,,,50,,,pending,
runners_2_run_03,runner_1,17:52,39135,prep_complete,,,,delivery_runner,047,runner_1,,,,,,runner_1 completed prep for Order 047
runners_2_run_03,runner_1,17:52,39135,delivery_start,,,,delivery_runner,047,runner_1,,,,,,"runner_1 departing to Hole 9 (486m, 0.7 min)"
runners_2_run_03,runner_1,17:52,39175,delivery_complete,,,,delivery_runner,047,runner_1,,,,,,runner_1 delivered Order 047 to Hole 9 (Total completion: 19.5 min)
runners_2_run_03,runner_1,17:52,39175,returning,,,,delivery_runner,047,runner_1,,,,,,runner_1 returning to clubhouse from hole_9 (1.5 min)
runners_2_run_03,golf_group_63,17:54:00,39240,tee_off,,1,,golfer_group,,,,63,,,,
runners_2_run_03,runner_1,17:54,39266,arrived_clubhouse,,,,delivery_runner,047,runner_1,,,,,,runner_1 arrived at clubhouse after delivering Order 047
runners_2_run_03,runner_1,17:54,39270,order_assigned,,,,delivery_runner,049,runner_1,,,,,,Assigned Order 049 to runner_1
runners_2_run_03,runner_1,17:54,39270,prep_start,,,,delivery_runner,049,runner_1,,,,,,runner_1 started prep for Order 049 (Hole 18)
runners_2_run_03,runner_2,17:55,39325,prep_complete,,,,delivery_runner,048,runner_2,,,,,,runner_2 completed prep for Order 048
runners_2_run_03,runner_2,17:55,39325,delivery_start,,,,delivery_runner,048,runner_2,,,,,,"runner_2 departing to Hole 16 (1036m, 1.4 min)"
runners_2_run_03,runner_2,17:56,39411,delivery_complete,,,,delivery_runner,048,runner_2,,,,,,runner_2 delivered Order 048 to Hole 16 (Total completion: 17.5 min)
runners_2_run_03,runner_2,17:56,39411,returning,,,,delivery_runner,048,runner_2,,,,,,runner_2 returning to clubhouse from hole_16 (3.2 min)
runners_2_run_03,runner_2,18:00,39604,arrived_clubhouse,,,,delivery_runner,048,runner_2,,,,,,runner_2 arrived at clubhouse after delivering Order 048
runners_2_run_03,runner_2,18:00,39604,service_closed,,,,delivery_runner,,runner_2,,,,,,runner_2 shift ended
runners_2_run_03,runner_2,18:00,39605,order_assigned,,,,delivery_runner,050,runner_2,,,,,,Assigned Order 050 to runner_2
runners_2_run_03,golf_group_64,18:03:00,39780,tee_off,,1,,golfer_group,,,,64,,,,
runners_2_run_03,runner_1,18:04,39870,prep_complete,,,,delivery_runner,049,runner_1,,,,,,runner_1 completed prep for Order 049
runners_2_run_03,runner_1,18:04,39870,delivery_start,,,,delivery_runner,049,runner_1,,,,,,"runner_1 departing to Hole 18 (680m, 0.9 min)"
runners_2_run_03,runner_1,18:05,39926,delivery_complete,,,,delivery_runner,049,runner_1,,,,,,runner_1 delivered Order 049 to Hole 18 (Total completion: 24.0 min)
runners_2_run_03,runner_1,18:05,39926,service_closed,,,,delivery_runner,,runner_1,,,,,,runner_1 shift ended
runners_2_run_03,golf_group_65,18:12:00,40320,tee_off,,1,,golfer_group,,,,65,,,,
runners_2_run_03,golf_group_66,18:21:00,40860,tee_off,,1,,golfer_group,,,,66,,,,
runners_2_run_03,golf_group_67,18:30:00,41400,tee_off,,1,,golfer_group,,,,67,,,,
runners_2_run_03,golf_group_68,18:39:00,41940,tee_off,,1,,golfer_group,,,,68,,,,
